{
  "backprop" : true,
  "backpropType" : "Standard",
  "confs" : [ {
    "extraArgs" : [ ],
    "l1ByParam" : {
      "b" : 0.0,
      "RW" : 0.0,
      "W" : 0.0
    },
    "l2ByParam" : {
      "b" : 0.0,
      "RW" : 1.0E-5,
      "W" : 1.0E-5
    },
    "layer" : {
      "gravesLSTM" : {
        "activationFunction" : "softsign",
        "adamMeanDecay" : "NaN",
        "adamVarDecay" : "NaN",
        "biasInit" : 0.0,
        "biasL1" : 0.0,
        "biasL2" : 0.0,
        "biasLearningRate" : 0.15,
        "dist" : null,
        "dropOut" : 0.0,
        "epsilon" : "NaN",
        "forgetGateBiasInit" : 1.0,
        "gradientNormalization" : "ClipElementWiseAbsoluteValue",
        "gradientNormalizationThreshold" : 1.0,
        "l1" : 0.0,
        "l2" : 1.0E-5,
        "layerName" : null,
        "learningRate" : 0.15,
        "learningRateSchedule" : null,
        "momentum" : "NaN",
        "momentumSchedule" : null,
        "nin" : 200,
        "nout" : 200,
        "rho" : "NaN",
        "rmsDecay" : 0.95,
        "updater" : "RMSPROP",
        "weightInit" : "XAVIER"
      }
    },
    "leakyreluAlpha" : 0.0,
    "learningRateByParam" : {
      "b" : 0.15,
      "RW" : 0.15,
      "W" : 0.15
    },
    "learningRatePolicy" : "None",
    "lrPolicyDecayRate" : "NaN",
    "lrPolicyPower" : "NaN",
    "lrPolicySteps" : "NaN",
    "maxNumLineSearchIterations" : 5,
    "miniBatch" : true,
    "minimize" : true,
    "numIterations" : 1,
    "optimizationAlgo" : "STOCHASTIC_GRADIENT_DESCENT",
    "seed" : 1480662074887,
    "stepFunction" : null,
    "useDropConnect" : false,
    "useRegularization" : true,
    "variables" : [ "W", "RW", "b" ]
  }, {
    "extraArgs" : [ ],
    "l1ByParam" : {
      "b" : 0.0,
      "W" : 0.0
    },
    "l2ByParam" : {
      "b" : 0.0,
      "W" : 1.0E-5
    },
    "layer" : {
      "rnnoutput" : {
        "activationFunction" : "softmax",
        "adamMeanDecay" : "NaN",
        "adamVarDecay" : "NaN",
        "biasInit" : 0.0,
        "biasL1" : 0.0,
        "biasL2" : 0.0,
        "biasLearningRate" : 0.15,
        "dist" : null,
        "dropOut" : 0.0,
        "epsilon" : "NaN",
        "gradientNormalization" : "ClipElementWiseAbsoluteValue",
        "gradientNormalizationThreshold" : 1.0,
        "l1" : 0.0,
        "l2" : 1.0E-5,
        "layerName" : null,
        "learningRate" : 0.15,
        "learningRateSchedule" : null,
        "lossFn" : {
          "MCXENT" : { }
        },
        "lossFunction" : "MCXENT",
        "momentum" : "NaN",
        "momentumSchedule" : null,
        "nin" : 200,
        "nout" : 2,
        "rho" : "NaN",
        "rmsDecay" : 0.95,
        "updater" : "RMSPROP",
        "weightInit" : "XAVIER"
      }
    },
    "leakyreluAlpha" : 0.0,
    "learningRateByParam" : {
      "b" : 0.15,
      "W" : 0.15
    },
    "learningRatePolicy" : "None",
    "lrPolicyDecayRate" : "NaN",
    "lrPolicyPower" : "NaN",
    "lrPolicySteps" : "NaN",
    "maxNumLineSearchIterations" : 5,
    "miniBatch" : true,
    "minimize" : true,
    "numIterations" : 1,
    "optimizationAlgo" : "STOCHASTIC_GRADIENT_DESCENT",
    "seed" : 1480662074887,
    "stepFunction" : null,
    "useDropConnect" : false,
    "useRegularization" : true,
    "variables" : [ "W", "b" ]
  } ],
  "inputPreProcessors" : { },
  "pretrain" : false,
  "tbpttBackLength" : 20,
  "tbpttFwdLength" : 20
}